Category,Near North Side,Near South Side,Near West Side,New City,North Center,North Lawndale,North Park,O'Hare,Oakland
2013,2840.462295104115,2868.5693276486886,4660.4727247078235,131.31188929720034,730.8128918093315,330.54374959408784,248.44582223081102,1168.5342444994792,1470.1408321815477
2014,2841.9520186824748,2876.5636244936272,4618.224617333731,133.86868946257965,738.6501725981233,318.78998100337344,249.79154951711584,1148.6561832394411,1539.1532070406627
2015,2820.483844,2871.5526379552666,4646.616114,129.65608890590647,733.6707983273958,326.12086326017646,263.7408778844714,1158.9941270940628,1578.4285690406714
2016,3475.8925163035724,3410.8752143675606,5401.1296305889055,344.05245797297465,821.4645481482523,480.32928052423944,463.65501769031624,1385.594238026638,2142.785113983075
2017,3484.8921336866447,3442.2302886350667,5436.028477418006,346.3440592851735,819.6830430331636,480.3041417380485,473.6967530607018,1373.8930140922575,2187.4200070878683
2018,3841.224343533184,5122.387475408119,5282.666588234507,620.1119634896655,977.6504354914924,707.7275696382171,825.7017905989899,2645.442857896876,2719.710171126626
2019,3713.540976989288,6275.978780028279,5695.494014319084,617.9231592,1005.8048429662902,690.7519066232375,845.3792538193719,1761.3446939061982,2754.4402912512737
2020,1053.4125283972348,1339.2053629723084,2219.47184,149.4523172455001,248.8581769525666,170.97376302387102,204.33651033400452,414.9613466986768,576.6991016472962
